DROP TABLE IF EXISTS `manager`;
DROP TABLE IF EXISTS `orderitem`;
DROP TABLE IF EXISTS `product`;
DROP TABLE IF EXISTS `item`;
DROP TABLE IF EXISTS `order`;
DROP TABLE IF EXISTS `user`;


CREATE TABLE `manager` (
  `managerId` int(11) NOT NULL AUTO_INCREMENT,
  `userName` varchar(255) DEFAULT NULL,
  `userPass` varchar(255) DEFAULT NULL,
  PRIMARY KEY (`managerId`)
) ENGINE=InnoDB AUTO_INCREMENT=3 DEFAULT CHARSET=utf8;

INSERT INTO `manager` VALUES (1,'admin','123')
															,(2,'张三','123')
															,(3,'李四','123');



CREATE TABLE `user` (
  `userId` int(11) NOT NULL AUTO_INCREMENT,
  `userName` varchar(255) DEFAULT NULL,
  `userPass` varchar(255) DEFAULT NULL,
  `name` varchar(255) DEFAULT NULL,
  `email` varchar(255) DEFAULT NULL,
  `address` varchar(255) DEFAULT NULL,
  `status` int(11) DEFAULT NULL,
  `code` varchar(64) DEFAULT NULL,
  PRIMARY KEY (`userId`)
) ENGINE=InnoDB AUTO_INCREMENT=9 DEFAULT CHARSET=utf8;

INSERT INTO `user` VALUES (1,'aaa','aaa','姜涛','aaa@shop.com','北京市西三旗中腾建华3楼',1,NULL)
													,(3,'bbb','bbb','张三','bbb@shop.com','北京市西三旗中腾建华3楼',0,'sdds')
													,(4,'ccc','ccc','李四','aaa@shop.com','北京市西三旗中腾建华3楼',1,NULL)
													,(6,'ddd','ddd','王五','bbb@shop.com','北京市西三旗中腾建华3楼',0,'2222')
													,(7,'eee','eee','姜涛2','aaa@shop.com','北京市西三旗中腾建华3楼',1,NULL)
													,(9,'fff','fff','张三2','bbb@shop.com','北京市西三旗中腾建华3楼',0,'dsds');




CREATE TABLE `item` (
  `itemId` int(11) NOT NULL AUTO_INCREMENT,
  `itemName` varchar(255) DEFAULT NULL,
  PRIMARY KEY (`itemId`)
) ENGINE=InnoDB AUTO_INCREMENT=11 DEFAULT CHARSET=utf8;

INSERT INTO `item` VALUES (1,'女装男装')
													,(2,'鞋靴箱包')
													,(3,'运动户外')
													,(4,'珠宝配饰')
													,(5,'手机数码')
													,(6,'家电办公');



CREATE TABLE `order` (
  `orderId` int(11) NOT NULL ,
  `orderPrice` double DEFAULT NULL,
  `orderTime` datetime DEFAULT NULL,
  `orderStatus` int(11) DEFAULT NULL,
  `name` varchar(20) DEFAULT NULL,
  `orderPhone` varchar(20) DEFAULT NULL,
  `orderAddress` varchar(50) DEFAULT NULL,
  `userId` int(11) DEFAULT NULL,
  PRIMARY KEY (`orderId`),

KEY `FK_order_userId_2_user_userId` (`userId`),
  CONSTRAINT `FK_order_userId_2_user_userId` FOREIGN KEY (`userId`) REFERENCES `user` (`userId`)

) ENGINE=InnoDB AUTO_INCREMENT=9004 DEFAULT CHARSET=utf8;

INSERT INTO `order` VALUES (2000,302,'2019-02-11 10:04:23',0,'姜涛','15726607618','北京市西三旗中腾建华3楼',7)
													,(3000,119,'2019-02-11 10:46:41',1,'姜涛','15726607618','北京市西三旗中腾建华3楼',7)
													,(4000,110,'2019-02-11 10:46:47',1,'姜涛','15726607618','北京市西三旗中腾建华3楼',7)
													,(5000,10310,'2019-02-11 10:47:01',0,'姜涛','',NULL,7)
													,(6000,5555,'2019-02-11 10:47:07',1,'姜涛','15726607618',NULL,7)
													,(7000,333,'2019-02-11 10:47:15',1,'姜涛','15726607618','北京市西三旗中腾建华3楼',7)
													,(8000,1300,'2019-02-11 11:17:22',2,'姜涛','','北京市西三旗中腾建华3楼',7)
													,(9000,1250,'2019-02-11 11:23:26',2,'姜涛','15726607618','北京市西三旗中腾建华3楼',7)
													,(9001,8949,'2019-02-23 21:31:19',0,'姜涛','15726607618',NULL,7)
													,(9002,3988,'2019-02-27 09:07:55',1,'姜涛','',NULL,7)
													,(9003,9299,'2019-02-27 15:35:53',3,'姜涛','15726607618','北京市西三旗中腾建华3楼',7);



CREATE TABLE `product` (
  `productId` int(11) NOT NULL AUTO_INCREMENT,
  `proName` varchar(255) DEFAULT NULL,
  `marketPrice` double DEFAULT NULL,
  `proPrice` double DEFAULT NULL,
  `image` varchar(255) DEFAULT NULL,
  `productInfo` varchar(255) DEFAULT NULL,
  `isHot` int(11) DEFAULT NULL,
  `dateTime` datetime DEFAULT NULL,
  `itemId` int(11) DEFAULT NULL,
  PRIMARY KEY (`productId`),

KEY `FK_product_itemId_2_item_itemId` (`itemId`),
  CONSTRAINT `FK_product_itemId_2_item_itemId` FOREIGN KEY (`itemId`) REFERENCES `item` (`itemId`)

) ENGINE=InnoDB AUTO_INCREMENT=80 DEFAULT CHARSET=utf8;

INSERT INTO `product` VALUES (1, '零点新款 收藏加购9折 复古羊羔毛格纹外套', 240, 114, 'cs10001.jpg', '双11限量200件，拍完下架，加车享优惠，早下手早发货。。秋冬个性中长款毛衣，美丽和温度同在！限量供应，拒绝撞衫！迫于纱线和人工在不断上涨的双重压力下，产品涨价在即！少量现货出售中，手快有，手慢等哦，赶紧抢哦，绝对高大上。', 1, '2016-11-2 20:18:00', 1)
,(2, '秋冬保暖羊羔毛呢子外套女ins潮宽松cec机能风外套宽松bf', 288, 188, 'cs10002.jpg', '【现在拍下并支付定金，即可获得双12当天10元无门槛优惠券一张。注：只限有预付定金款~优惠券统一在12月11号发放】 毛呢外套 整洁干练的长款版型 整个肩部给予皮绒拼接 与毛呢一起撑起品质感 立领 长袖 肩部往下做流行加层拼接 一粒扣收合门襟 特意做的夹棉里层（袖里无） 不必再畏惧冷冽寒风', 0, '2016-11-4 20:18:00', 1)
,(3, '秋冬复古毛衣小马甲守夜冠军 女超短款百搭韩版针织衫v领ulzzang', 209, 119, 'cs10003.jpg', '外套款。 称为棉衣也不为过 或者因为它的表层毛呢　称呼为毛呢外套 ｙａｎｇ　羔绒位于翻领及袖口 从视觉着手　带来温暖无限 夹棉里衬（袖里也有）再次提升御寒功能 流行元素上　选择红黑格纹理　大气而又经典 金属拉链开叉　插袋自不会少', 0, '2016-10-1 20:18:00', 1)
,(4, '原创复古拼色女款工装裤2019秋冬新款男女同款黑色束脚裤', 219, 110, 'cs10004.jpg', '外套款。 称为棉衣也不为过 或者因为它的表层毛呢　称呼为毛呢外套 ｙａｎｇ　羔绒位于翻领及袖口 从视觉着手　带来温暖无限 夹棉里衬（袖里也有）再次提升御寒功能 流行元素上　选择红黑格纹理　大气而又经典 金属拉链开叉　插袋自不会少', 0, '2016-12-7 20:18:00', 1)
,(5, '10/23 零点新款 收藏加购9折 带侧面链条的卡其色工装裤', 238, 119, 'cs10005.jpg', '外套款。 称为棉衣也不为过 或者因为它的表层毛呢　称呼为毛呢外套 ｙａｎｇ　羔绒位于翻领及袖口 从视觉着手　带来温暖无限 夹棉里衬（袖里也有）再次提升御寒功能 流行元素上　选择红黑格纹理　大气而又经典 金属拉链开叉　插袋自不会少', 0, '2016-11-2 20:18:00', 1)
,(6, '潮牌复古机能多口袋工装夹克男宽松春秋外套情侣F3ML', 278, 135, 'cs10006.jpg', '外套款。 称为棉衣也不为过 或者因为它的表层毛呢　称呼为毛呢外套 ｙａｎｇ　羔绒位于翻领及袖口 从视觉着手　带来温暖无限 夹棉里衬（袖里也有）再次提升御寒功能 流行元素上　选择红黑格纹理　大气而又经典 金属拉链开叉　插袋自不会少', 0, '2016-11-10 15:18:00', 1)
,(7, '火影卡通系列卫衣情侣男女动漫宽松休闲帽衫MyriadTG', 198, 111, 'cs10007.jpg', '秋冬热卖款，今日特惠！库存有限，卖完即止！喜欢的赶紧出手哦！', 0, '2016-11-3 20:18:00', 1)
,(8, '秋季三色吊染夹克宽松男国潮运动嘻哈外套Killwinner', 348, 222, 'cs10008.jpg', '【双12预售】双12提前开抢，11月24日—12月11日抢先付预付款33.6元，12月12日付剩余尾款，先付先发货，提前引爆双12！！！买就【送】双十二10元无门槛优惠券！！！商家【赠】运费险！！！', 0, '2016-11-3 20:18:00', 1)
,(9, '潮牌情侣嘻哈潮宽松外套上衣男拼色高领冲锋衣女MAMC', 328, 180, 'cs10009.jpg', '秋冬热卖款，今日特惠！库存有限，卖完即止！喜欢的赶紧出手哦！', 0, '2016-11-3 20:18:00', 1)
,(10, '情侣幻影汽车渲染抽象外套宽松连帽衫卫衣潮COLONIA', 211, 110, 'cs20003.jpg', '采用100%进口小母貂 毛皮结实柔软毛峰更有光泽 保暖效果极强。　 【正品保证】我们承诺100%整皮水貂 假一罚十 支持验货 无理由退换货 【售后保障】终身免费保养维修', 0, '2014-11-3 20:18:00', 2)
,(11, 'Jordan 官方 AIR JORDAN 4 RETRO SE AJ4 复刻男子运动鞋 CI1184', 1499, 300, 'cs10010.jpg', '【1212万能盛典预售抢先购,早买早便宜！】定金15.80元，预售价158.00元，双12价涨价至178.00元!', 0, '2014-11-3 20:18:00', 1)
,(12, 'Air Jordan 1 x Off-White联名 AJ1 北卡蓝 UNC 男鞋 AQ0818-148', 18832, 9900, 'cs20001.jpg', '采用100%进口小母貂 毛皮结实柔软毛峰更有光泽 保暖效果极强。　 【正品保证】我们承诺100%整皮水貂 假一罚十 支持验货 无理由退换货 【售后保障】终身免费保养维修', 0, '2014-11-3 20:18:00', 2)
,(13, 'Air Jordan 13 Phantom aj13 鳄鱼皮纹理 女子篮球鞋 AQ1757-004', 1700, 300, 'cs20002.jpg', '采用100%进口小母貂 毛皮结实柔软毛峰更有光泽 保暖效果极强。　 【正品保证】我们承诺100%整皮水貂 假一罚十 支持验货 无理由退换货 【售后保障】终身免费保养维修', 0, '2014-11-3 20:18:00', 2)
,(14, 'Air Jordan 6 AJ6 x PSG aj 6 乔6 大巴黎', 2449, 666, 'cs20004.jpg', '采用100%进口小母貂 毛皮结实柔软毛峰更有光泽 保暖效果极强。　 【正品保证】我们承诺100%整皮水貂 假一罚十 支持验货 无理由退换货 【售后保障】终身免费保养维修', 0, '2014-11-3 20:18:00', 2)
,(15, 'Air Jordan 6 x TS联名 AJ6 军绿夜光 鬼脸 CN1084-200', 7849, 600, 'cs20005.jpg', '采用100%进口小母貂 毛皮结实柔软毛峰更有光泽 保暖效果极强。　 【正品保证】我们承诺100%整皮水貂 假一罚十 支持验货 无理由退换货 【售后保障】终身免费保养维修', 0, '2014-11-3 20:18:00', 2)
,(16, 'GUCCI/古驰 黑色老虎头花朵字母刺绣饰口袋百搭男士双肩包', 17909, 9900, 'cs20006.jpg', '采用100%进口小母貂 毛皮结实柔软毛峰更有光泽 保暖效果极强。　 【正品保证】我们承诺100%整皮水貂 假一罚十 支持验货 无理由退换货 【售后保障】终身免费保养维修', 0, '2014-11-3 20:18:00', 2)
,(17, 'Gucci/古奇 女士卡其色双肩背包', 10469, 5500, 'cs20007.jpg', '采用100%进口小母貂 毛皮结实柔软毛峰更有光泽 保暖效果极强。　 【正品保证】我们承诺100%整皮水貂 假一罚十 支持验货 无理由退换货 【售后保障】终身免费保养维修', 0, '2014-11-3 20:18:00', 2)
,(18, 'Gucci/古奇 Courrier米色人造帆布贴布饰腰包斜挎包男包', 7900, 4300, 'cs20008.jpg', '采用100%进口小母貂 毛皮结实柔软毛峰更有光泽 保暖效果极强。　 【正品保证】我们承诺100%整皮水貂 假一罚十 支持验货 无理由退换货 【售后保障】终身免费保养维修', 0, '2014-11-3 20:18:00', 2)
,(19, 'miu miu/缪缪 黑色小羊皮徽标凸纹链条单肩包斜挎包女包', 10999, 5555, 'cs20009.jpg', '采用100%进口小母貂 毛皮结实柔软毛峰更有光泽 保暖效果极强。　 【正品保证】我们承诺100%整皮水貂 假一罚十 支持验货 无理由退换货 【售后保障】终身免费保养维修', 0, '2014-10-1 20:18:00', 2)
,(20, 'KENZO/高田贤三19秋冬黑色LOGO字母老虎头刺绣拉链拼接男士腰包', 1299, 333, 'cs20010.jpg', '采用100%进口小母貂 毛皮结实柔软毛峰更有光泽 保暖效果极强。　 【正品保证】【售后保障】我们承诺100%整皮水貂 假一罚十 支持验货 无理由退换货', 0, '2014-11-3 20:18:00', 2)
,(21, '冬季新款运动时尚梭织棉服男装 ', 1580, 1422, 'cs30001.jpg', 'FILA(裴乐)是世界前十位的运动品牌，主要从事网球，滑雪、高尔夫、瑜伽、赛车等高雅运动相关产品的研发。明快大胆的设计风格，卓尔不群的高雅气质和独特的产品功效，使FILA(裴乐)在国际运动品牌中风云独居，誉满全球。', 1, '2018-11-3 20:18:00', 3)
,(22, '智能电子计数跳绳', 222, 192, 'cs30002.jpg', 'Loop2 lite限量版蓝牙减肥运动专业成人儿童中考健身训练智能电子计数跳绳 ---loop让绳者的跳绳不再是孤单的坚持，希望您将跳绳坚持到底，将健康生活方式进行到底', 0, '2014-11-3 20:18:00', 3)
,(23, '户外跑步男女护具装备', 298, 178, 'cs30003.jpg', 'MOKO.MAX 意大利运动护膝户外跑步篮球足球羽毛球男女护具装备深蹲登山护腿髌骨带保暖关节炎 短款（体重≥60公斤）建议您使用常温清水轻柔手洗，不要机洗，不要用洗涤剂，晾干时候不要晒太阳呦~    ', 0, '2014-11-3 20:18:00', 3)
,(24, '自行车学生单车', 299, 275, 'cs30004.jpg', '成人26寸变速死飞自行车男女活飞跑车公路赛车学生单车 40刀太极  产品质量：很棒安装难易：很简单，半个小时就ok物流速度：很快，两天就到了外观颜色：很靓，比其他车型都好看很多~', 0, '2014-11-3 20:18:00', 3)
,(25, '套跆拳道护具套装 ', 398, 358, 'cs30005.jpg', '天拳跆拳道护具全套八件套儿童比赛型实战的护具正品竞技护具台拳道护具训练五件套跆拳道护具套装 9件套男蓝 2号 适合130-150身高    ~', 0, '2014-11-3 20:18:00', 3)
,(26, '小型代驾助力电单车 ', 2885, 2285, 'cs30006.jpg', ' 正步（ZB） 新国标电动自行车男女士成人代步迷你折叠电瓶车锂电池小型代驾助力电单车 20寸至尊版36V/白色 每一款设计，都有她独特的故事，让我们和您一起，带上心爱的车车，一起感受大自然的美妙，共享骑行穿梭在世间每一个角落的欣喜~', 0, '2014-11-3 20:18:00', 3)
,(27, '平衡车扭扭车', 1888, 1588, 'cs30007.jpg', '阿尔郎（AERLANG） 成人智能双轮电动儿童平衡车代步体感车平行车蓝牙平衡车扭扭车两轮思维车 全新APP发光轮款N3【五大配置+蓝牙音乐】火焰红 上手难易：简单安全性能：安全稳定程度：稳定工艺品质：漂亮外观质感：美观行驶距离：15公里~~', 0, '2014-11-3 20:18:00', 3)
,(28, '高碳素轻硬台钓竿 ', 255, 198, 'cs30008.jpg', '熊火 鱼竿 钓鱼竿炽流28调鱼竿手竿 高碳素轻硬台钓竿 垂钓竿 炽流二代4.5米质量真的不错，非常轻巧，韧性十足，外观也很漂亮，精致细腻，', 0, '2014-11-3 20:18:00', 3)
,(29, '野外野营帐篷', 998, 598, 'cs30009.jpg', '牧高笛 防大风防暴雨铝杆三季三人双层帐野外野营帐篷 冷山3 NXZQU61008 绿色蓝色真的好好看哦！安装也很简单的！虽然没有那种一拉就开的帐篷那么方便但那种帐篷重啊！这个还能体验露营搭帐篷 乐趣 ，专业品牌值得信赖   ~', 0, '2014-11-3 20:18:00', 3)
,(30, '春夏新品皮肤衣男户外防风', 777, 698, 'cs30010.jpg', '【经典款】TheNorthFace北面春夏新品皮肤衣男户外防风舒适|3VQZ DP6/蓝色/灰色 M 面料材质：面料很柔软，摸起来显高档防风效果：很防风透气效果：透气不闷热舒适程度：贴身很舒适~', 0, '2014-11-10 20:18:00', 3)

,(31, '黄金吊坠', 1601, 1300, 'cs40001.jpg', '周大福 十二生肖鼠 福气鼠 足金黄金吊坠(工费:88计价) F216911 足金 约3.40g', 0, '2014-11-3 20:18:00', 4)
,(32, '钻石手链', 1800, 1250, 'cs40002.jpg', 'TSL谢瑞麟 钻石手链 18K金钻石手链 玫瑰金钻石皇冠手链公主系列约2分8颗BA125 定价类 17+1cm', 0, '2014-11-3 20:18:00', 4)
,(33, '黄金吊坠', 1900, 1750, 'cs40003.jpg', '梦金园 黄金吊坠 足金蝴蝶镶嵌和田玉项链挂坠玉坠女款平安扣 金镶玉吊坠 ', 0, '2014-11-3 20:18:00', 4)
,(34, '貔貅手链', 800, 347, 'cs40004.jpg', '梦金园 黄金貔貅手链 足金999玛瑙3D硬金貔貅手链足金女款 款式D,金重约0.6g ,6mm红玛瑙', 0, '2014-11-3 20:18:00', 4)
,(35, '黄金小蛮腰吊坠', 387, 186, 'cs40005.jpg', '梦金园 黄金小蛮腰吊坠 足金3D硬金挂坠女款ins网红爆款定价/含项绳/送女友 大版砂面款,约0.24g', 1, '2014-11-3 20:18:00', 4)
,(36, '18k金戒指', 1555, 1079, 'cs40006.jpg', '梦金园 18k金戒指 彩金玫瑰金皇冠固口镶嵌锆石指环女款 15号', 0, '2014-11-3 20:18:00', 4)
,(37, '求婚订婚戒指', 4779, 4179, 'cs40007.jpg', '鸣钻国际 钻戒女 PT950铂金白金活口可调节六爪钻石戒指结婚求婚订婚戒指 定制情侣钻石对戒女款 皇冠 约14分', 1, '2014-11-3 20:18:00', 4)
,(38, '黄金戒指', 4444, 2499, 'cs40008.jpg', '鸣钻国际 蝶舞 黄金戒指 足金石榴石求婚结婚女戒 活口可调节 生日礼物', 0, '2014-11-3 20:18:00', 4)
,(39, '水滴之恋', 4444, 3599, 'cs40009.jpg', '鸣钻国际 水滴之恋 黄金项链套链女款 足金石榴石吊坠项坠挂坠配金链子', 1, '2014-11-3 20:18:00', 4)
,(40, '紫檀男士手串', 1500, 1146, 'cs40010.jpg', '今古楼（jingulou） 满金星老料高密小叶紫檀男士手串 18MM20MM佛珠手链 66克以上多金星20mm', 0, '2014-11-3 20:18:00', 4)
,(41, '钻石吊坠', 1999, 1486, 'cs40011.jpg', '欧采妮 紫水晶钻石吊坠 18K金镶嵌12克拉紫水晶伴钻项链挂件女款（定制约7-10天） 18K金 白色（不含链子）', 1, '2014-11-3 20:18:00', 4)

,(42, 'iPhonex',9228, 7199,  'cs50001.jpg', 'iPhone X属于高端版机型，采用全新设计，搭载色彩锐利的OLED屏幕，配备升级后的相机，可使用3D面部识别（Face ID）传感器解锁手机，支持AirPower（空中能量）无线充电。分为64GB、256GB两个版本', 1, '2014-11-3 20:18:00', 5)
,(43, 'iPhonexs Max ', 9998,9299,  'cs50002.jpg', 'iPhone XS Max是美国Apple（苹果公司）旗下的智能手机设备，iPhone XS Max采用6.5英寸OLED屏幕，是iPhone迄今最大的显示屏 [1]  ，支持HDR10观影，配置IP68级别抗水、防尘，像素密度达到458ppi，支持3D Touch以及全新的Face ID', 0, '2014-11-3 20:18:00', 5)
,(44, 'HUAWEI P30', 4988,3988,  'cs50003.jpg', '华为P30，是华为公司旗下一款手机。手机搭载海思Kirin 980处理器，屏幕为6.1英寸，分辨率2340*1080像素。 [1]  摄像头最大30倍数码变焦。', 1, '2014-11-3 20:18:00', 5)
,(45, 'iPhone 11PRO',  8628,8128, 'cs50004.jpg', 'iPhone 11 Pro是美国Apple（苹果公司）第一支命名为Pro的手机，采用后置三摄设计，配色有暗夜绿、太空灰、银白色和金色四款。 [1] ', 0, '2014-12-7 20:18:00', 5)
,(46, 'vivo X23', 2432, 1432,'cs50005.jpg', 'vivo X23在2018 年9 月 6 日晚北京召开新机上市发布会，本次发布会的重点是 vivo X23 新品。这是一款 vivo 中端定位的智能手机，标配骁龙 670+8GB+128GB ，主打 3D 幻影极光纹外壳、水滴屏+COF下巴、vivo Dual Turbo 双涡轮引擎，以及超强的夜拍体验。', 0, '2014-11-3 20:18:00', 5)
,(47, '小米9',4399, 4299,  'cs50006.jpg', '小米9，是小米公司旗下一款智能手机，内部代号是战斗天使，采用：高通骁龙855旗舰平台，最高配备12GB内存+256GB存储；搭载索尼三摄全焦段镜头1200万人像镜头 [2]  ，4800万像素主摄，1600万微距+超广角；搭载6.39英寸三星AMOLED水滴屏。', 1, '2014-11-3 20:18:00', 5)
,(48, 'HUAWEI Mate30', 4699, 4299, 'cs50007.jpg', '华为Mate30是华为研发的智能手机，采用麒麟990处理器，6/8GB+128GB/256GB存储，4200mAh电池，预装EMUI 10系统，屏幕指纹识别，IP53防水，后置三摄，3倍光变，5倍混合变焦，30倍数码变焦。', 0, '2014-11-3 20:18:00', 5)
,(49, 'iPhone 11', 6999, 5999, 'cs50008.jpg', 'iPhone 11采用后置双摄像头，有紫色、白色、绿色、黄色、黑色、红色六种颜色，6.1英寸LCD屏，支持杜比全景声，5499元起售。', 0, '2014-11-3 20:18:00', 5)
,(50, 'OPPO R17',  2499,2199, 'cs50009.jpg', 'OPPO R17是由OPPO公司研发的手机，该手机搭载一块6.4英寸的的水滴屏，91.5%的屏占比，配合第六代大猩猩玻璃变得更坚实耐用。在配色方面，采用全新的幻色渐变工艺，流光蓝和霓光紫配色。', 0, '2014-11-3 20:18:00', 5)
,(51, 'HUAWEI P20', 2849,2549,  'cs50010.jpg', '华为P20 [1]  是华为公司旗下一款智能手机，搭载麒麟970处理器+6GB内存，采用5.8英寸显示屏，分辨率2240x1080，后置徕卡双摄镜头，通过AI技术实现场景识别模式适配。', 1, '2014-12-7 20:18:00', 5)
,(52, '多功能电烤箱', 299, 249, 'cs60001.jpg', '美的（Midea）T3-L326B 家用多功能电烤箱 32升 旋转烧烤 上下管独立控温', 0, '2014-11-3 20:18:00', 6)
,(53, 'TCL电视机', 1868,1768, 'cs60002.jpg', 'TCL 55L2 55英寸高画质4K超高清HDR 智能网络液晶电视机 丰富影视教育资源 自营家电（黑色）。', 0, '2014-11-3 20:18:00', 6)
,(54, '西门子冰箱', 4999,4799, 'cs60003.jpg', '西门子(SIEMENS) 610升 变频风冷无霜对开门冰箱 大容量 速冷速冻（白色） BCD-610W(KA92NV02TI)', 0, '2014-11-3 20:18:00', 6)
,(55, '海尔立式空调',8499, 8099,'cs60004.jpg', '海尔（Haier） 3匹变频立式空调柜机 一级能效 自清洁 智能 静音空调KFR-72LW/07UDP21AU1', 0, '2014-11-3 20:18:00', 6)
,(56, '小天鹅滚筒洗衣机', 3999,2999,  'cs60005.jpg', '小天鹅（LittleSwan）10公斤洗烘一体 滚筒洗衣机全自动 蒸汽烘干机 智能家电 立体熨烫 BLDC电机TD100V81WDG', 0, '2014-11-3 20:18:00', 6)
,(57, '电煮锅', 99,89,  'cs60006.jpg', '小熊（Bear）电煮锅2.5L小电锅 多功能炒煮电热锅迷你电热杯学生宿舍锅煮面电火锅DRG-C18H1米黄色', 0, '2014-10-7 22:18:00', 6)
,(58, '电热水壶', 199, 99, 'cs60007.jpg', '小熊（Bear）1.7L电水壶热水壶保温大容量电热水壶304不锈钢 一体无缝内胆防烫烧水壶ZDH-P17H1', 0, '2014-11-3 20:18:00', 6)
,(59, '电蒸锅',  299,289, 'cs60008.jpg', '小熊（Bear）电蒸锅大304不锈钢三层大容量微电脑预约定时多层多功能电火锅DZG-A80A1 8L', 0, '2014-11-3 20:18:00', 6)
,(60, '电饼铛', 299, 149, 'cs60009.jpg', '小熊（Bear）电饼铛家用可调温双面加深加大煎饼铛烙饼锅早餐机大号平底煎锅不粘锅DBC-C15E3', 0, '2014-12-2 20:18:00', 6)
,(61, '多士机', 199,99,  'cs60009.jpg', '小熊（Bear）烤面包机多功能多士炉6档烘烤不锈钢吐司加热机三明治机早餐机DSL-A02E3 ', 0, '2014-12-2 20:18:00', 6);


CREATE TABLE `orderitem` (
  `orderItemId` int(11) NOT NULL AUTO_INCREMENT,
  `count` int(11) DEFAULT NULL,
  `total` double DEFAULT NULL,
  `productId` int(11) DEFAULT NULL,
  `orderId` int(11) DEFAULT NULL,
  PRIMARY KEY (`orderItemId`),

KEY `FK_orderitem_productId_2_product_productId` (`productId`),
KEY `FK_orderitem_orderId_2_order_orderId` (`orderId`),
  CONSTRAINT `FK_orderitem_productId_2_product_productId` FOREIGN KEY (`productId`) REFERENCES `product` (`productId`),
  CONSTRAINT `FK_orderitem_orderId_2_order_orderId` FOREIGN KEY (`orderId`) REFERENCES `order` (`orderId`)

) ENGINE=InnoDB AUTO_INCREMENT=17 DEFAULT CHARSET=utf8;

INSERT INTO `orderitem` VALUES (2,1,114,1,2000)
															,(3,1,188,2,2000)
															,(4,1,119,3,3000)
															,(5,1,110,10,4000)
															,(6,1,300,11,5000)
															,(7,1,9900,12,5000)
															,(8,1,110,10,5000)
															,(9,1,5555,19,6000)
															,(10,1,333,20,7000)
															,(11,1,1300,31,8000)
															,(12,1,1250,32,9000)
															,(13,1,1750,33,9001)
															,(14,1,7199,42,9001)
															,(15,1,3988,44,9002)
															,(16,1,9299,43,9003);








